"","FP_1","FP_2","FP_3","FP_4","FS_1","FS_2","FS_3","N_1","N_2","N_3"
"P08697",50073.3,18064.2,40263.1,23565,14182.3,19324.5,25496.3,2759.19,14904.3,12649
"P01023",2460000,1240000,4260000,1420000,403058,242708,320275,300590,247175,230074
"P35858",36623.5,44057.2,59477.5,38488.4,11386.7,21075.6,7621.61,7542.94,5433.01,9174.49
"P04114",2060000,646761,2020000,1700000,1070000,485583,222573,127315,87363.9,230231
"P05090",86997.6,83523.5,122976,129349,75921,28875.4,18293.3,20254.9,27185.3,19216.5
"P02649",897539,1e+06,1280000,942370,802221,148299,121411,70727.1,73445,164286
"P04003",583834,433165,485233,265997,229639,106149,105257,22530.7,24471.9,111593
"P20851",10732.7,14879.4,12797.8,3664.5,6973.34,4641.28,3867.6,761.77,687.04,4296.75
"P40121",6594.73,6524.79,14932.1,16668.9,8942.67,13898.1,10570.6,13816.5,16263.1,2665.52
"P07858",21995.9,12405.2,48355.6,132101,24754.9,29144,31998.2,26539.7,21421.7,20100
"P07339",135031,133809,260759,323229,192447,112547,122427,110941,92656.9,90098.9
"Q96IY4",11448.1,14554,16282,8366.96,5909.87,5543.42,4759.03,4129.37,3465.56,6848.94
"P31146",6335.22,4643.07,5679.19,11746,6201.73,4623.01,3647.05,4342.64,1702.2,1776.16
"O95967",28345.3,20949.3,31427,24407.2,24484,21350.9,20597.8,7846.32,20861.4,32226.3
"P02671",3880000,1540000,2490000,1100000,832599,446502,760286,245861,275911,799499
"P02675",4490000,1650000,4610000,1550000,956194,494451,731927,299808,251313,785949
"P02679",3960000,1350000,3760000,1320000,722418,399742,623437,234679,221889,634355
"P00738",1750000,475986,998752,367810,100409,116443,143972,183487,120288,185204
"Q92743",233681,251246,325135,109797,260617,102997,73884.9,63340.9,141237,200474
"P01871",412733,45931.1,355513,227535,129927,44873.5,102919,18535.8,27232,47763.5
"P01591",111520,118725,295912,90969.3,34053.7,12795.1,21931.5,5228.68,10973.6,18674.9
"P19823",173774,138830,197314,158209,57807,54322.6,57116.1,42252.1,31132.7,44314.8
"P61626",48702.2,63216.1,49479.4,48825.1,38637.1,26630.9,34308.2,19467.9,26765.2,39504.4
"Q96PD5",29640.4,36164.8,30467.2,27726.9,16083.7,12026,15670.4,4749.56,1627.12,17981.3
"P00747",426038,323201,415830,311733,206705,164878,148143,117792,110351,165376
"P55058",9677.67,13740.8,64740.8,30486.6,12963.9,2531.86,3815.65,1524.02,1296.81,1311.42
"Q15063",1760000,533400,1110000,802936,3030000,1030000,1250000,803432,777317,327612
"O00391",7434.75,18477.2,11709.5,13420.2,6252.67,1091.09,7436.6,3708.08,952.86,4721.08
"P35542",70241.2,71339.4,77963.5,92224.1,35499,9939.57,8442.19,5201.37,8404.75,16715.4
"P24821",117785,73502.3,528025,915508,280047,236824,316998,197047,169111,81271.5
"P07996",89856,47941.3,213000,63145.5,173572,48944.3,25156,23846.7,12701.9,5137.28
"P35442",148237,223322,200502,83458.4,356502,42999.5,31449.5,4722.07,14089.3,41445.4
"P19971",2887.61,4597.56,10790.9,6728.87,5214.96,3994.48,4772.92,1841.07,1793.66,1569.34
"P04004",1740000,4190000,2830000,1810000,1360000,784165,414627,288769,700634,1210000
"A0FGR8",8310.02,6315.09,1200.97,3570.12,7416.46,8829.42,9933.34,6626.82,7103.75,11632.2
"A5A3E0",59361.4,61296.3,34405.1,32122.6,92712.1,97934.3,64943.6,67882.7,63025,64301.4
"O00151",52479.8,30563.5,23411,17342.7,85774.3,101921,110741,119871,97205.7,187585
"O00159",83097.4,86545.1,50187,46482.8,119298,132431,107666,108722,150166,116855
"O00244",4064.84,1764.03,1846.56,3477.31,6800.87,6108.6,4601.8,3810.73,5542.28,6073.55
"O00299",35614.2,33731.8,33620.4,48239.2,46883.3,45844.5,35502.4,38902.7,41512.4,48412.5
"O00764",3886.55,3486.27,3041.48,2079.09,1617.51,2044.69,2669.26,1346.04,1999.42,3559.14
"O14558",58333.9,57076.1,28166.9,16140.6,87288.9,95861.9,129451,90255.2,116413,173656
"O14773",3641.22,2650.11,4093.55,15166.6,6304.16,5748.68,12222.6,6358.94,5407.7,7671.22
"O14818",9372.83,5196.02,3298.71,11362.4,19752.5,24745.6,13017,18830.4,13577.5,15053
"O14974",16182.2,14254.6,9911.56,11797.9,15671.7,30562.9,28907.8,26102.2,26050,37921.4
"O15061",10022.1,9274.66,4536.57,1681.1,34967.8,68370.3,63906.3,58047.2,69058.6,92425.5
"O15143",7845.92,6919.95,5543.69,11446.6,9117.53,12442.1,14252.7,6663.25,8623,14253.8
"O15144",34948.4,32178.2,26956.2,36843.7,35179.3,47092.2,45409.6,25015.9,33454.7,41413.8
"O15145",30759.9,30860.9,33461.7,15926.4,27186.8,23596.2,29173.1,26819.6,34616.9,34273.7
"O15230",299645,219564,157478,170851,426567,356853,262564,325214,376036,370798
"O15260",5095.59,4067.87,2029,2988.86,5289.24,4773.23,6433.8,5604.9,5677.68,6703.38
"O15511",17801.6,22535,23095.7,16374.7,25143.9,26307.8,19644.2,24997.4,25647.7,15346.7
"O43175",61900.3,56442.8,16475.8,24228.4,66651.7,77426.3,75930.9,68154,87899.8,81176.8
"O43294",113398,127877,58624,32795.1,164974,189429,203053,181031,186809,246680
"O43396",5238.31,10525.6,6430.43,3838.84,12871,10323,9635.56,15548.6,13233,10420.1
"O43399",21508.1,14206.1,6970.7,8847.81,34906.5,31560.5,17937.2,27572.7,34199,29973.7
"O43488",9718.4,12100.5,5388.09,1584.61,18141.9,14934.7,8068.01,8941.09,10784.5,9243.85
"O43491",8810.47,5681.88,1709.06,3950.8,9364.55,11747.7,14227.4,10940.5,11355.1,7893.98
"O43633",2431.35,2502.77,1345.84,3450.29,4043.75,5581.87,3578.17,2986.59,5405.76,4469.02
"O43678",737.15,624.08,188.48,729.91,772.66,725.92,883.09,949.32,1140.54,1405.87
"O43681",3965.45,1910.37,3060.26,5901.16,6377.67,6868,4961.53,6954.36,5426.59,5809.11
"O43707",669500,545257,391758,334065,967524,1160000,796026,1e+06,1040000,854382
"O43776",1570.23,2708.43,2760.11,4371.07,4006.34,4079.13,3133.71,4181.48,5073.77,2278.31
"O43813",17326.8,18212.9,9773.41,11268,24300.1,23779.9,19934.2,22414.1,25644.7,30262.9
"O60264",1786.09,1632.55,1443.78,1331.61,1716.21,2444.14,2057.83,1562.71,1970.79,2266.59
"O60493",5364.31,7071.67,6705.08,6584.67,11073.6,9595.16,10056.7,11208,12452,11445
"O60504",27155.6,33566,21797.5,8279.93,41607,52812.1,51379,35796.2,51096.6,62889.7
"O60506",6060.13,2808.23,5419.61,3979.37,6818.9,6920.55,10120.3,10024.2,7984.34,10279.8
"O60664",8172.15,5143.1,3420.79,2357.52,12058.5,6143.72,10646.4,9331.19,12875.7,14743.6
"O60701",11443.5,4469.44,3384.91,5839.3,10662.3,13192.1,10975.3,5480.85,4597.75,2092.68
"O60749",3231.76,3143.71,3083.4,467.73,4697.54,5065.93,4759.86,3879.68,3484.73,4549.14
"O60888",15269.7,16995.4,11380.5,9576.68,25031.6,20942.9,14955.7,20241.7,15380.1,30155.1
"O75083",135417,118424,73933.4,100387,159049,219891,163225,169886,172280,187575
"O75112",20114.1,17710.5,9506.11,3936.38,29189.2,34315.3,27842.8,34690.7,40460,38186.5
"O75131",6543.29,3866.92,2110.16,1654.89,15750.7,15284.1,10302.5,6987.35,14886.8,11042.1
"O75340",6367.31,5008.55,4027.81,2529.26,2974.7,4385.93,4563.75,5362.5,5022.32,6122.07
"O75347",10053,2837.23,1842.2,1966.61,9284.43,10695.6,12278.4,8509.33,8870.48,15709.8
"O75367",6351.42,7862.65,2015.58,13828.7,12231.8,11691.9,9471.95,14408.8,13055.6,8430.67
"O75368",28351.4,40016.6,24641.1,21499.1,39766.7,55378,47728.3,52687.2,46284.5,60838.4
"O75369",70955.2,4395.93,3054.22,46466.3,58272.9,39274.5,113957,65471.3,44199.5,4495.74
"O75390",32500,32956.7,26503.7,26115.3,44260.2,71185.2,62788.2,61767.3,71367.8,58320.7
"O75396",4628.32,6232.47,2951.28,8915.72,12426.8,13997.4,9653.32,12614.6,12371.6,5987.25
"O75531",14492.1,13617,11831.2,5790.26,14885.7,24471.7,26685.8,27360.6,28467.1,40718.2
"O75569",1254.98,456.18,512.45,528.81,1419.02,2011.77,1270.31,1677.88,1926.3,2070.21
"O75874",39004.8,22449,17942.7,27447.7,35634,38423.2,31758.2,37767.9,38135,22667.2
"O75888",3631.69,4618.8,5464.89,2881.11,4330.3,3380.6,3041.75,1988.79,2717.89,2737.49
"O75915",10163.7,8485.74,7237.64,7487.09,14008,13198.5,12807.3,12152.7,14181.4,17195.8
"O75935",2100.18,2823.41,2634.01,5779.51,5562,10440,5986.82,10845.2,1752.52,10502.8
"O76070",33522.9,37857.4,31842.2,21562.5,79009,42042.9,29875.9,19711.9,25204.8,16312.3
"O94832",5188.63,5439.45,4244.13,2662.72,7495.8,7902.09,9621.92,10107.1,6192.06,6332.78
"O94875",85680,85263.6,47340.7,13591.7,129603,140743,166962,111908,143007,153819
"O95336",12569,10440.6,4653.29,12980.8,14378.4,11527,15686.9,14358.5,17154.3,10962.7
"O95373",360.04,2531.42,1270.38,451.75,3214.29,3159.26,3244.8,2937.66,3501.68,1058.39
"O95782",2021.57,1501.72,2182.26,3146.17,5278.37,5508.57,4428.17,4152.14,4808.23,3845.37
"O95834",9834.3,10750.4,5225.43,6095.19,14337.8,15563.2,14778.5,18694.5,19251,18960.2
"O95865",40100.9,41387.8,15574.3,25617.4,54517.8,46610.5,53216.3,56939.5,55163.9,59069.8
"P00325",434480,292095,170134,159279,382183,319519,207967,128765,217796,189725
"P00338",170440,105235,115750,155859,214658,179914,134273,125117,138027,172101
"P00352",121059,120750,65579.9,63195.2,144360,121701,105988,163917,136468,115690
"P00387",62029.4,37817.9,25480.5,25949.9,64956.3,91360.4,61201.8,78670.3,66481.4,65679.6
"P00390",2474.68,2232.36,2489.12,4646.11,5881.22,4715.96,4834.58,5537.53,5568.69,10148.5
"P00403",9478.57,5111.74,4413.49,6941.23,7522.59,8253.7,8979.43,10882.1,11097.1,7253.08
"P00441",90816.6,98891.7,74711.1,71762.8,72171.8,111839,140997,135776,81473.6,182981
"P00450",561424,355075,428300,345439,196822,206411,262504,65932.9,140704,182660
"P00488",67674,37245.1,72318.2,70359.6,43858.2,39291.6,42747.7,42376.6,32278.2,12784.4
"P00558",166430,93118.5,84309.4,206801,223597,238823,180898,169064,179276,270024
"P00568",38438.5,49925.2,33875.2,23361.3,61195.6,41805.5,41693.7,56369.3,42852.6,51198.9
"P00734",383723,173255,256386,210896,141612,118372,120496,56819.5,73027.1,100200
"P00736",50563.1,29368.3,20196.7,22954.2,29936.2,21741.3,10738.4,5713.25,9479.39,10375.9
"P00740",136322,72777.7,53466.6,48586.5,85617,35985.4,36897.2,20892.2,17363.6,88019.2
"P00746",22768.3,22457.8,22462.9,15842.8,22521.3,22061.6,28796.4,25680,26062.8,27572.3
"P00748",16688.5,23462.9,21175,18118.5,9625.11,25710.8,18988.1,5007.01,11439.6,19200.2
"P00751",445857,260228,229820,291160,216238,249774,241712,99199.5,116945,291441
"P00846",2518.03,1749.54,1168.42,380.43,3052.17,2780.29,2201.18,2522.95,3608.75,1895.02
"P00915",126606,94192.3,91633.9,382453,82304.5,129743,434122,196151,167664,253534
"P00918",9707.71,22007.3,16445.9,88126,13250.4,39361.9,53794.6,60660.5,26245.8,49284.9
"P01008",249153,163865,171885,122603,107315,96342.5,124408,85153.5,86010.3,114567
"P01009",1860000,1290000,1720000,1270000,712823,882338,1010000,468554,788308,848148
"P01011",446367,187313,205620,194854,193142,188380,187324,63704.6,142938,170467
"P01019",95611.6,42067.5,47826.3,36927.6,47704.8,45764.8,19444.7,23182.1,29555.4,22662.3
"P01024",2840000,1970000,2100000,2070000,1040000,1410000,1590000,679049,668377,1650000
"P01031",346567,463891,242402,141187,203191,204458,80582.9,57370.7,125552,139909
"P01034",4469.97,3021.65,2528.71,1546.09,3750,1380.19,2778.42,2148.56,2917.25,2126.55
"P01042",174143,118967,108667,126493,58529.8,55159.7,103081,29217.8,35310.9,91705.1
"P01597",20087.3,16238.8,29818.9,10020,7145.54,8138.88,9655.29,4381.32,5832.55,9216.82
"P01617",26034.2,33982.7,51149.5,20397.4,19614.3,7692.39,8918.88,5510.91,7606.49,14919.1
"P01621",30462.2,36871.5,47968.9,59041.2,13840.8,14821.8,23445.7,12017.6,11725.7,22058.5
"P01625",67464.9,45090.5,99929,70295.6,22075.8,21088.4,28033.6,12715.2,21749.5,32588.4
"P01714",39056.9,25543.2,23634.3,52705.1,17645.8,12205.3,10049.2,3650.04,6478.74,14267.8
"P01764",50489.1,33683.7,61958.2,7520.91,5007.7,6165.04,10802,4973.54,7382.65,10042
"P01767",15507.5,12305.1,20888.3,13000.7,6632.64,2735.74,8097.17,2285.8,3063.23,9780.21
"P01781",51113.3,28174.1,46357.8,42645.2,24088.1,21815.7,27145.2,9915.68,17424.8,24368.8
"P01834",1590000,787871,1380000,1970000,495250,431710,751360,293512,395314,862801
"P01857",2700000,2990000,2320000,3970000,1080000,2e+06,1040000,1070000,718122,1930000
"P01859",418633,105181,77973.6,305751,146743,102763,273566,55904.7,56786.3,228106
"P01860",723263,355546,415312,612407,298090,193925,202240,90225,108844,223448
"P01861",175053,30409.4,34357.2,536387,60188.6,29708.4,81968.5,109316,32013,73932.2
"P01876",656844,458593,836680,592364,211259,103519,259817,132972,86055,206736
"P02042",123238,103503,163467,1180000,131548,212048,377680,369056,258288,440903
"P02144",282816,14722.9,5941.11,272162,221130,37926.9,14983.8,33637.2,40121.4,6239.63
"P02452",715593,394527,275629,483539,362847,462320,714472,316060,332193,368321
"P02461",136064,64589.4,71525.7,69696,64541.2,122948,115697,65004.5,94409.1,97600.1
"P02462",102649,103403,60659.3,44267.1,102649,110737,104231,76563.9,110563,103193
"P02511",113695,98449.4,64097.2,31884.6,97304.9,143078,108158,188929,138496,125400
"P02545",568578,637605,421549,491593,811760,861817,984499,888797,1030000,1140000
"P02647",3390000,1540000,3790000,1810000,771130,669383,738938,565439,532380,1e+06
"P02652",346747,101107,278431,130434,69620.6,64152.9,88525.1,46064.2,70062.6,79786.2
"P02656",150904,35128.7,25924.2,22875.8,16327.8,13895,17499.7,8236.2,13417.6,33189.6
"P02730",9431.75,9617.26,7937.91,67985.8,5887.32,9907.77,43092.7,45135.1,15095.4,29660.4
"P02743",634142,438780,231608,250569,204252,153446,215497,48238,83967.1,370097
"P02745",43099.5,21735.6,20146.4,18694,16902.3,20315.2,14491.5,3741.55,4266.89,49143.6
"P02746",193324,137725,109683,104116,149187,130352,89175.7,25244.6,38545.7,323196
"P02747",120426,96456.1,84295,57293.3,83814.6,80921.2,67613.9,24366.1,32087.3,213067
"P02748",571391,1110000,411427,241280,448263,369918,131798,105209,312869,309153
"P02749",315870,167638,150987,146898,126331,174326,177119,125994,133944,269858
"P02750",37903,38289.3,39667.1,31172.7,30347.7,19562.7,35278.3,7798.29,21236,31175.1
"P02751",6500000,3780000,3490000,3150000,5400000,5110000,3930000,3e+06,3140000,3250000
"P02753",31061.5,20553.5,23398.6,14954,9837.38,15455.9,22741.8,9490.5,14466.4,21133
"P02760",246438,281069,188420,114871,168655,136361,191554,87591.9,107400,235250
"P02763",205380,35082.2,72788,106315,28321.9,43634.4,126040,25816.3,16215.6,94739.9
"P02765",314566,164339,214546,149041,153481,108949,217236,85477.9,80423.4,154552
"P02766",130474,90532.8,162540,39209.9,36460.6,39229.9,58995.9,35616.8,58438.1,90385.1
"P02768",60700000,3.8e+07,51700000,42800000,31400000,34800000,30700000,23600000,30300000,25400000
"P02774",284494,235011,217405,177136,107268,125896,142451,85220.5,79637.1,102234
"P02775",5777.24,4066.87,5438.73,5364.75,9234.82,6522.74,11398.7,7663.56,14312.1,10239.1
"P02787",6170000,3230000,3930000,2840000,2100000,2440000,3010000,1170000,1770000,2540000
"P02790",1120000,736792,763408,681369,572588,877265,731101,465436,433880,723450
"P03950",18586.4,18898.3,13724.8,6590.97,8795.41,16111.2,15957.1,8599.92,12859,21520.2
"P03973",5922.58,6663.36,6563.22,3211.97,5104.55,3482.69,3326.75,1554.74,3943.79,6029.59
"P04040",27498.1,23398.8,14814,75931.4,31088.6,37446.1,60094.5,38252.3,40001.5,42842.8
"P04075",286433,291928,200745,218958,411297,385331,178666,276735,302718,278444
"P04080",15683.8,17414.5,15740.3,19812.5,17745.8,19564.1,16718.6,19338.8,17162,27536.5
"P04083",267082,200440,165256,164370,295306,327212,324663,268942,272323,282599
"P04179",8804.98,2088.4,11706.8,11790.5,4118.03,3630.14,8021.07,14521.6,7195.26,2563.6
"P04196",109378,105017,89769.9,53393.3,39579.1,25659.6,53030.8,33915.5,13640.1,70284.8
"P04217",181429,199664,237663,151603,94679,87699,113996,69381.7,76424.9,99850.1
"P04264",34050,41014.9,16991.3,27935.6,24996.9,20572.1,22736.8,31813.9,18864,26156.6
"P04275",31945.2,17880.5,6972.03,20104.5,30204.4,26732.2,18258.6,21943.4,35986,2071.52
"P04406",848805,980263,767601,479964,1190000,1420000,931983,1510000,1490000,1150000
"P04433",72746.5,40674.7,125568,25461.7,16522.6,11524.5,15246.3,7636.25,15310.3,20406.8
"P04632",46793,35257.5,26697.9,17595.2,62793.4,70290.8,67081.1,45704.1,74242.5,80029.8
"P04792",411583,479620,367734,148906,427760,598388,498422,831056,597541,505576
"P04843",18201.5,15827.5,9444.74,20271,18485.8,24209.5,23484.9,24822.6,24339.2,22837.2
"P04844",5316.94,2055.35,3712.23,7926.52,5503.9,4382.62,6652.69,5696.63,6340.25,3612.54
"P05091",38784.7,34986.8,16117.3,34544.6,46372.2,53686.3,52967.7,40314.1,55877.3,43572.2
"P05141",2977.18,3399.95,2462.62,3037.36,4357.9,5302.46,3510.38,5247.8,5637.38,3594.95
"P05154",7398.9,6561.86,4815.93,1548.71,3242.95,5660.17,6240.45,4073.37,2912.52,9731.67
"P05155",142959,90950.5,135047,123430,90545.1,79759.2,70272.6,58664.7,69842.4,65829.4
"P05156",44811.5,32160.3,36125.5,18558.4,19469.4,19860.6,17136.1,7804.67,11844.1,17980
"P05198",6072.55,4670.39,2402.27,8574.35,8097.84,8722.35,7679.13,8375.72,10134.2,9444.46
"P05386",9322.53,6491.41,7505.93,7088.58,8830.96,7656.43,10082.5,11702.6,9299.78,11094.9
"P05387",19026.5,12846.9,9615.77,24188.3,26242.2,23004.7,29253.9,28814.1,24635.1,29267.3
"P05413",42948.9,25458.2,9600.67,10976.2,45807.3,27748.9,28420.6,42218.2,32460.1,39823.3
"P05452",84567.2,65564.8,50271.5,61057.7,99602.9,92286.9,73639.1,53279.2,61444.4,101356
"P05546",113524,58529.2,52227.8,51238.2,37711.6,36127.9,34357.4,23359.4,27418.3,21530
"P05556",157821,119413,85220.6,65073.5,178593,238740,180217,209767,252740,242521
"P05787",3404.55,2436.35,1055.76,1676.38,10189,11045.9,3600.37,21535.8,11394,16706.3
"P06396",676175,668048,536741,427171,850714,1020000,916062,922846,979929,1260000
"P06576",175192,171222,123158,150038,240008,237783,233943,273077,290591,268153
"P06681",19777.2,16698,10239.6,9888.39,4056.99,9998.76,10461.7,2352.02,4923.04,11978.7
"P06703",760821,360115,410203,476809,1030000,741052,523646,816605,895628,830413
"P06727",214793,327399,329474,113101,159475,202578,171301,161399,203023,307604
"P06733",275456,289925,243868,175366,273298,305207,262263,348886,333237,355662
"P06744",5079.11,5027.11,4188.79,4027.88,6685.98,8565.5,6559.36,7852.94,5622.08,2041.56
"P06748",18270,12147.7,8478.87,16552.5,18497.2,19071.4,25087.7,19435.6,16614.3,21799.3
"P06756",12566.7,12805.5,15914.4,8933.03,20385.4,28230.8,15272.1,19144.7,33056,24477.2
"P07108",11829.3,5723.35,2840.93,6394.05,13759.1,11037.6,12275.6,13812,11043.1,12098.2
"P07195",70676.1,56382.5,40805.4,49061.6,92173.5,122845,86092.5,111765,115894,97998.7
"P07237",64228.2,45507.6,53546.1,70514.8,60439.9,74901.4,87110.3,109290,54706.5,106174
"P07305",11063,8632.71,6381.79,18814.9,11219,26123.8,21810.6,20047.6,14848.4,27772.2
"P07355",138092,150025,115941,131085,125243,148591,144426,139128,119069,151172
"P07357",97489,114527,62150.7,44717.8,59825.6,35601.2,33846.2,18876.6,22477.1,57077.3
"P07358",68871.8,69125.9,34424.5,32864.9,36817.7,25648.3,31149.2,10524.5,11105.4,41695.2
"P07360",117286,209731,100270,63430.7,84748.3,56728,37701.4,15336.2,38500.3,55244.9
"P07384",21188.8,24945,10917,19533.5,35401.6,40051,27600.2,34127.9,36696.4,27919.7
"P07437",60647.3,65129.2,41631.7,42751.4,58069.7,83654.7,105824,91713.3,76783.5,122802
"P07451",67051.9,8256.47,1312.98,50407.4,69501.2,1377.42,8688.03,5796.79,18218.6,11883.6
"P07585",407696,317990,290641,601910,425851,836253,793059,1260000,861568,332449
"P07602",8295.56,9877.88,12348.1,2681.85,3947.69,2806.01,3206.76,6998.96,7691.01,7579.73
"P07737",266946,282312,154235,201625,401348,492275,259177,384057,405993,345698
"P07741",9153.47,5043.63,8502,9827.32,13040.5,14823.7,9488.61,15809.4,13498.3,11617.6
"P07900",40511.8,24534.4,17733.8,28755.7,29875.9,47998.2,44217.7,40852.4,30729.3,44134.7
"P07910",10817.9,11524.6,8518.44,10424,13027.8,12909.6,17078.8,16411.6,21522.6,18835.1
"P07942",11563.5,4017.62,5674.49,12901.1,10524.6,9805.67,8274.96,2422.82,7525.28,8934.77
"P07951",85296.5,123769,16218.9,43112.7,161860,169814,151037,192025,194483,249161
"P08123",401443,187174,148067,355081,269737,337734,446214,265490,227567,300664
"P08133",369632,312306,247030,248273,406336,582083,463612,468372,577464,550340
"P08185",11426.8,8671.51,10612.5,6686.66,4003.42,4734.77,4955.98,3364.85,4460.67,4207.52
"P08237",5358.25,5462.05,682.14,3442.7,13274.8,18142.1,10997.3,17038,16096.9,13685.5
"P08238",16802.9,6491.08,2383.15,14153.6,8646.55,14765.4,16884.1,6719.26,6532.38,11342.7
"P08294",326629,369166,295065,265643,359394,398794,388241,521786,460756,773261
"P08311",6280.63,2921.18,5550.07,13884,3142.39,2387.44,7496.88,3793.19,2840.79,2782.76
"P08493",26036.8,26264,22306.6,11788.4,33431.5,20319.6,17031.6,13517.2,21950.3,18522.5
"P08572",237414,196130,157837,100128,240335,243531,191028,193252,226343,231467
"P08603",998227,889615,704328,507404,487759,344712,429893,158282,138782,677289
"P08670",3990000,4100000,3e+06,3130000,6160000,8570000,7440000,8420000,10100000,1.3e+07
"P08758",397285,347157,325018,328825,488212,568145,433136,627518,545311,537692
"P08865",5921.73,6819.8,5998.46,7254.8,12736.7,10601.9,8486.65,7658.31,10646.1,6993.55
"P09104",18523.7,7978.62,7132,5090.78,22344.1,23399.7,16991.6,19390,21952.5,26442.9
"P09211",203826,177305,131445,93142.8,204243,246445,202742,236280,227772,267170
"P09382",335614,204422,142345,195506,170999,344398,391059,248916,298440,614380
"P09417",4053.58,3629.24,3264.17,3178.94,3584.98,6435.58,5085.99,4893.43,6615.53,6373.17
"P09493",415984,454702,288135,209663,522773,667114,978462,1170000,432243,1090000
"P09497",8345.56,5203.46,4398.4,6371.52,6174.94,10223.4,13434.3,7672.87,8367.48,16378.7
"P09525",119316,85528,70925.8,77913,119798,157524,118330,148968,136997,142619
"P09871",26116.5,22885.7,11570.3,11651.3,10096.6,8592.04,9571.13,3651.4,3791.96,11065.9
"P09936",23903.9,25589.7,8264.55,9917.5,39274.2,27330.1,21001.7,24720,25597.4,24324.8
"P09960",5726.96,6167.4,4305.49,5991.89,9025.47,9028.89,7295.2,9333.46,5977.42,10204.9
"P09972",39950.4,43088.1,23220.1,29721,43456.5,55108.2,40745.6,37786.6,35216.9,54171.8
"P0C0L5",29594.2,47123,39243.2,16544.6,35542.2,25029.5,7858.03,6828.48,8078.87,2601.7
"P0CG38",54414.1,55697.1,33437.6,28070.1,81990.6,87316.9,55940.2,59092.1,58144.8,56687.5
"P10253",1251.49,983.85,1236.85,2117.89,1300.7,1273.67,953.64,800.72,810.77,1519.84
"P10301",44074.1,38671,17849.8,14946.1,29851.5,59560.3,45390,53314.9,69042,62823
"P10599",77224.3,52861.5,22201.3,73018.9,103634,107872,81313.2,108574,79858.7,124798
"P10643",73242,146269,96075.9,47268.8,52373.6,38393.6,20709.8,19865.5,30186,41451.3
"P10644",15256.1,5527.45,6538.38,10152.2,13656.7,23555.5,24577.1,18953.1,22959.8,38278
"P10768",43008.4,39561.4,23359.6,24448.9,60993.9,68391.7,46785.8,45919.2,65593.3,61432.4
"P10809",278861,201244,122084,35765.1,239709,202765,46649.1,40464.1,219292,191474
"P10909",941953,2230000,1500000,1260000,1120000,745810,405693,319982,694826,929004
"P11021",119237,73841.9,72797.8,138191,152868,118204,149239,146292,107673,167728
"P11047",195859,118992,83011.2,143188,273707,259644,209566,207586,243430,233838
"P11142",125716,129364,117732,128395,141323,176122,185840,199976,170085,256571
"P11177",2468.3,4735.8,919.59,1113.22,8904.45,11157.1,9251.92,12413.1,12060.5,8608.48
"P11216",77228.9,75396.8,35085.9,41832.2,109398,137294,108633,93057.5,128969,144200
"P11279",5951.51,6888.91,7653.52,7207.86,8618.16,7397.5,1272.55,10597.1,8057.47,4124.79
"P11413",15993.6,27214.2,12087.8,15879,37800.8,38207.5,26283,38554.9,35469.4,25479.6
"P11532",5868.57,6853.86,4211.94,2555.49,13512.9,16778.2,12089.2,16113.3,19603.6,16460.8
"P11766",89509.3,94532.5,54146.8,55859.9,106298,171785,136261,113264,152341,128041
"P12109",690345,329755,411449,388150,467638,311482,517915,398532,331996,319241
"P12110",639504,369510,358137,478640,508332,357154,527557,443823,318151,313038
"P12111",2430000,1070000,1160000,1510000,1520000,982961,1710000,1530000,902356,1050000
"P12236",2002.24,1362.48,2011.56,3253.13,3664.58,3791.7,3204.82,4208.12,4369.47,2191.04
"P12268",2473.24,2890.84,962.52,1954.56,3567.21,3183.64,3029.82,3034.36,3564.25,2327.49
"P12277",31531.4,51143.7,1203.64,15895.8,54285.7,98316.4,65848.3,82602.4,99658.3,62498.6
"P12814",650666,668614,536457,315104,794787,1380000,1010000,1410000,1410000,1230000
"P12956",13984.1,12822.3,4481.9,16696.7,20674.8,22133.5,15935.2,20347.3,17850.8,16067.4
"P13010",4309.03,4036.19,3639.79,4709.02,2301.27,6191.58,8051.63,6254.27,3544.78,5270.16
"P13073",11873.2,11445.7,11342.6,19763.5,19955,20335.6,22449.8,16696.4,19352.5,17788.5
"P13489",97913.5,93688.6,67020.3,90282.5,148331,151346,72601,128002,144931,82202.3
"P13611",1590000,990038,642194,399852,732476,984961,1260000,791874,1430000,2740000
"P13639",93075.1,56113.8,49223.8,65845.4,86332.3,70394.6,68985.4,86534.4,81072.4,69799.2
"P13645",13960.1,23083.9,2595.44,9656.39,10685.1,7704.58,7621.06,15044.9,11802.2,7033.89
"P13667",23112.2,19348.1,6994.86,34699.1,40738.6,30622.1,28065.6,39847.3,29860.1,15520.6
"P13671",125076,178070,88152.1,73930.8,80662.4,68876.3,21629.8,23035.7,38171.7,60799.6
"P13716",2702.08,3773.53,756.6,5927.64,4377.53,6760.1,5973.21,5693.45,6026.06,4733.78
"P13797",124508,140690,115154,86907.9,256880,203955,175595,199766,180647,197618
"P13861",13666.3,10401.8,6434.44,8287.53,22609.4,23551.6,17265.2,16343.1,22218.6,23406.1
"P13987",29649.9,18477.6,14791.6,10942.6,5326.38,14223.7,18559.7,8564.18,14879,20166.8
"P14174",100847,91410.8,62605.2,47855.8,142578,147997,117468,194837,134914,121272
"P14314",20986.8,23380,18107,30198.8,37965.5,34880.8,41674.3,34774.3,37671.5,40971.2
"P14543",133442,90529.8,48103.3,82086.4,130744,119684,172136,160989,132420,170739
"P14550",21541.6,17416.5,16705.2,16297.4,26608.6,20485.9,18445,23176.8,20630.7,19045.9
"P14618",501421,422493,411473,505037,803578,775224,533865,458042,633275,623068
"P14625",129242,77398.2,70213.8,151000,204576,139997,139603,137195,124540,141717
"P14868",9873.88,3091.45,2884.53,5470.92,11714.1,15040.6,11717,11614,17311.1,13506.1
"P15088",27088.9,19329.6,9628.18,12126.6,26324.9,14446.7,13843.2,21858.6,17594.1,5574.97
"P15121",6708.29,4993.72,8549.29,13595.9,3527.66,10306.1,14773.8,5300.82,5205.01,11424.5
"P15502",8874.95,5080.39,2959.31,1564.18,6783.36,5101.34,7978.02,6133.17,4039.99,12375.1
"P15880",5481.05,6276.3,5278.42,7731.7,10250.5,9102.18,7665.5,9373.07,12237.3,7349.16
"P16070",9897.56,9482.71,13234.5,16944.7,12640.9,9735.97,14168.2,9732.68,8573.53,14308.2
"P16112",400061,258215,67854.4,29750.4,536225,762488,295376,350585,919514,197104
"P16152",52370.3,53733.8,34666.4,34055.1,78375.9,75746.5,50657.9,63617.5,68037.4,54037.6
"P17174",1573.7,1257.28,1013.16,1810.36,869.78,1670.12,1423.38,2069.57,1797.28,1507.8
"P17302",1691.59,1803.15,1972.66,1363.59,2910.22,4032.1,2701.47,2497.92,3781.95,6572.13
"P17655",44990.7,47133.4,21875.9,26413.1,66039.1,83691.2,63075.5,71722.8,75091.1,66340.8
"P17661",57164.8,33194.1,4224.33,71881.3,87804.7,394473,182344,135252,380558,243942
"P17858",3589.78,2318.33,1071.85,2487.57,6843.58,6650.82,7337.98,3636.15,6517.66,7201.95
"P17931",33715.4,27174.4,19751.4,29432.9,32465.6,43312.9,48590,39501.8,40375.2,48979.2
"P17980",2214.32,6609.09,3467.05,4225.05,9483.96,7996.97,9754.46,9245.63,8757.33,9839.15
"P17987",16125.6,10701.6,5699.3,13307,19471.3,21417.3,21305.1,17416.9,23375.8,24171.1
"P18084",2787.05,2159.54,2312.38,2478.92,2809.4,3240.9,3013.98,2352.26,3409.12,4811.95
"P18085",4011.1,1063.07,1363.62,2530.57,5048.85,3261.37,3792.33,4905.04,3832.85,4040.13
"P18124",18363,7029.85,11302.7,8693.11,11472.7,12457.3,14724,10721.4,18067.7,15019.1
"P18206",1210000,1370000,855349,537465,2080000,2400000,1670000,2580000,2620000,2070000
"P18428",44887.9,55163.6,37050.8,13885.1,36145.1,23838.2,23053.2,8573.05,16731.6,36978.9
"P18669",55262.2,35779.5,33065.3,42626.4,49468.7,73291,59703.7,48264.2,47718.4,85575.8
"P19367",18546.8,9064.64,6368.72,17695.9,27517.3,31131.2,19014.2,23223.9,27609.9,24250.9
"P19652",86633.8,13504.8,15711.5,42767.9,9554.8,18184.1,81252.7,11848.4,6722.56,50584
"P19827",397951,183063,118344,128990,137997,96561,68028.4,51584.4,59323.4,66819.1
"P20073",30731.5,22801,15717.2,22463.1,40715.5,44809.6,43347.1,35627.3,47322.2,47466.2
"P20645",1281.55,540.82,844.46,2530.82,2514.33,2292.28,1970.89,2150.82,2191,1838.35
"P20674",3234.66,2518.28,2372.09,5361.85,3912.41,4476.4,4903.2,4329.44,4603.04,4001.37
"P20700",11951,9948.34,5081.88,5369.71,28192.1,32512.2,20283.7,13349.7,23296.6,26244.2
"P20774",516862,562500,607728,495266,248999,552999,1110000,1060000,421926,693596
"P20810",8196.73,3441.76,2012.56,4444.24,13331.1,12102.1,13629.9,7981.28,10289.3,14507.1
"P20962",9960.28,8412.24,6639.36,6328.52,12463.4,12996,16243,11259.4,12947.7,18961.2
"P21266",21918.7,21908.9,10549.4,12679.3,34560.2,35463.1,18192.5,27147.1,38894.6,15792.2
"P21291",213833,121072,65632.6,92141.3,259327,322301,307566,243220,258011,529218
"P21333",7280000,6010000,3370000,2850000,10300000,13600000,1e+07,12200000,12800000,12500000
"P21399",11063.3,11779.8,8520.45,13986.5,15098.2,16805.4,12366.2,12603.4,14403,16790.1
"P21589",13727.5,11018.5,7988.55,7404.26,14187.4,5482.83,16386.9,4494.45,17144.5,13308.4
"P21810",3290000,3490000,2480000,867924,3300000,1820000,1890000,1640000,1920000,2640000
"P21926",6623.33,5553.09,4843.76,4081.37,9750.36,10269.9,5614.05,6683.97,10663.9,6058.89
"P21980",312420,237496,178753,161923,301729,332947,357277,252306,278790,229653
"P22061",10197.2,12779.5,8830.34,10895.7,16661.6,18217.6,18838,20139.7,21589.9,25127.3
"P22105",269415,274846,308503,221661,301703,254111,402783,221265,206685,277252
"P22314",53350.4,48969,28583.7,51869.8,80724.2,59234.2,58752.8,61347.2,72558.4,63629
"P22352",99195.9,55029.1,78848.9,40839.3,80564.2,54304,85583.1,63656.7,42413.6,81459.5
"P22626",38509,37708.7,31893.2,42932.1,44329.1,58914.4,74807.2,58311.6,49569.9,75011.4
"P22695",9165.6,5500.48,2603.82,3445.85,9857.55,16228.6,15387.4,16798.1,17307.5,10877.3
"P23141",2177.92,2504.11,3586.8,820.62,1532.32,3328.59,5572.93,5255.76,3158.86,2606.25
"P23142",429346,185472,183971,283506,203691,196439,214190,141656,152552,262728
"P23284",83652.3,60549.1,54938.9,91332.7,119676,106074,99423.5,110644,88576.8,96077.3
"P23396",28234.6,21834.4,20513,26715.4,36773.7,21424,35240.8,30490.8,36027.7,32240.3
"P23526",11820.6,11725.9,7667.6,2611.58,16711.2,15810.8,11843.7,16262.8,15840.5,8887.88
"P23528",64772.6,56477.2,60055.3,66242.3,99171,134998,125686,85845.2,79630.2,212257
"P23634",7723.13,6106.05,3680.71,5349.25,7228.59,18524.2,14517.4,11247.3,16148,11571.7
"P24752",14727.9,12744.1,4038.88,11343.5,22678.7,27353.6,24557.7,33368.6,31462.4,24698.4
"P24844",92023.8,139014,123965,74426,72721.6,98332.4,231128,280758,154582,411756
"P25325",5691.71,4265.11,1325.05,1071.79,4667.54,3714.51,3847.89,10131.4,3875.66,7221.51
"P25398",11752.1,9352.92,8586.86,14053.9,10663.6,13408.1,13949.6,12657.8,10993.9,17005.9
"P25705",118606,155897,111615,124426,194937,210255,177666,231183,254610,171895
"P25786",8769.16,6568.64,5916.96,3774.88,8933.39,8295.49,9074.18,7348.8,11654.2,12504.3
"P25787",2272.4,2594.13,2473.7,1919.68,1292.73,3335.79,4192.07,1341.48,1792.56,4393.16
"P25788",4263.65,3145.4,2015.58,8620.23,12221.2,12872.6,10268.1,13101.9,12804,11740.7
"P25789",7987.82,5831.58,3500.95,6075.25,11313.5,11729.2,10757.8,10626.2,10839.6,10684.9
"P26006",7020.36,7925.73,8727.7,5628.73,9067.4,16605.3,12374.8,14283.3,15309.7,17655.6
"P26038",169790,159273,123856,129052,274467,295758,231657,242781,273784,262873
"P26373",13762.7,11750.5,8803.84,10850.6,12741.3,16490.5,13659.5,13885,17541.3,12649.6
"P26447",102583,74164.8,74052.7,44531.1,71244.2,124005,134420,54747.6,78131.2,196039
"P26641",6068.82,5924.97,6257.7,8576.46,2926.14,7070.21,8518.31,11328.8,4640,5428.1
"P26885",6797.28,6423.98,4700.89,5961.72,12038.1,9134.27,10728.6,12514.4,11706,13788.4
"P27105",22466.3,18936.1,22176.8,21811.1,46308.8,38429.8,20039.2,24618.2,43382,26671.5
"P27338",15373.7,10903.2,4928.98,3054.67,27055.4,21356.5,11795.4,24592.8,24092.3,13549.4
"P27348",34241.9,30663.4,20869.9,30144.7,44469,63556.7,42229,36929.4,53137.8,49720.7
"P27797",74029.5,59326.3,41438.5,96071.4,86969.4,79308.9,108720,82442.6,70418,116587
"P27816",37152.3,18143.5,5700.65,11526.5,51735.5,64121.9,89271.8,45978.6,72278.7,113930
"P27824",24401.8,20901.4,17569.8,20592.2,26286.7,32388.8,36753.8,38242.2,29576.8,33181.1
"P27918",16027.6,10656.4,6368.37,6603.02,10152.9,2070.42,9498.89,1492.15,573.33,20873.8
"P28065",1711.82,1413.73,1256.97,2016.69,1662.87,1292.5,1373.93,1065.63,1197.82,1013.13
"P28066",4594.81,1865.87,2014.91,7960.6,6518.29,6833.97,10171.1,9927.29,10546.8,7417.54
"P28072",4857.77,3338.25,3580.44,4862.14,4803.14,6248.58,6909.93,7163.06,6748.41,7511.98
"P28074",3602.21,1671.32,1026.9,3106.31,3593.74,4619.98,4430.7,4046.28,5426.6,2443.42
"P28289",4376.92,1001.71,389.7,675.38,7518.34,6278.75,5921.84,5198.42,3699.4,5462.62
"P28482",9082.98,10931.9,8362.5,9593.97,12066.5,14755.7,15081.3,19047.3,16519.5,17387.6
"P28838",7579.52,2449.84,4600.62,12643.4,6473.17,3942.73,4848.76,8481.56,4283.85,11035.3
"P29218",4835.5,3170.01,2654.82,895.87,4355.53,5517.67,1141.98,4179.44,993.17,5142.82
"P29401",65071.7,48820.6,34381.3,46128.3,73391.6,64947.4,67096.1,51642.4,60097.5,67003.8
"P29536",72550.3,97745,53707.1,28752.3,132068,180958,122028,148045,187782,194912
"P29622",26907.7,35324.9,33953.3,7844.2,7656.85,23159.3,19607.5,12429.5,12048.2,17814.6
"P29692",4887.8,5115.78,6896.6,9478.37,7083.19,6053.01,9508.05,11434,6028,10065.5
"P30041",122726,97474.3,70130.2,84803.6,161873,141235,134173,178795,167708,152287
"P30043",17973.5,20866.4,11545.8,39079.1,20903,25760.1,47451.9,31559,30379.2,37852.7
"P30044",39633.1,22105.1,18258.6,37678.3,30977.4,29394.6,42008.8,26199.2,31890.9,53703.9
"P30046",6896.98,6323.83,2654.12,4327.02,7135.45,4779.31,5932.12,8898.76,5665.45,5472.71
"P30048",15659.5,14929.3,12167,17359.5,19431,24963.9,25827.2,28717.8,23836.2,22321.7
"P30049",7885.24,6629.3,6209.4,8546.56,11616.7,13140.7,12663.2,12542.6,13274.4,13607.7
"P30050",12384.7,13380.7,10431.1,23874.4,23448.7,23724,18653.6,26376.5,25386.1,5562.94
"P30084",2690.26,2113.01,2473.02,6085.98,6693.93,10063.8,5994.07,8258.73,9232.21,4811.97
"P30086",136812,154372,92781.2,102232,160194,213044,167434,258237,188754,242437
"P30101",103676,69616.5,71489.2,118974,146070,125724,138449,130120,105668,175976
"P30153",16831,12652.7,10724.8,20435.4,35019.5,38324.2,29300.3,34660.5,40890.1,36625.9
"P30626",14017.3,11523.6,8885.01,6069.99,16572.5,19997.9,20147.3,17094.4,20843.1,24697
"P30740",15437.6,10074.1,8656.29,4240.77,14691.2,8165.74,12957.6,10537.5,13671.2,11745.2
"P30837",39722.1,20732.2,16356.1,12835.8,43044.6,108370,61457.6,119563,94398.8,67727.1
"P31150",47481.9,37229.9,17328,18070.6,62211.6,65770.4,43984.4,34584.5,44170.8,55051.7
"P31930",4196.9,3262.4,5125.84,6976.11,9374.9,9900.01,11694,12617.1,10450.6,11245.7
"P31939",3922.09,5288.08,2060.53,3914.1,5119.96,9962,4342.07,6594.51,9301.44,11291.2
"P31946",43402.9,29844.4,24526.1,39656.4,48439.8,64336.3,56274.2,46119.9,47847.7,60240.8
"P31948",14951.2,12359.7,10447.8,9287.74,22098.6,26658.6,22161.5,28823.2,28118.4,26485.6
"P31949",57482.3,47953.8,63846.4,61597,50593.5,65668.3,81326,49992.6,46102.1,82996.6
"P32119",99220.2,114940,84963.4,249338,91742.6,134396,241071,170935,155897,212584
"P32455",33228.5,29559.8,21614,28393.6,52520.7,48377.2,48515.3,45744.4,58391.1,53756.6
"P33176",4680.62,3453.91,2614.9,1428.1,3935.48,3909.55,3160.65,4510.16,5480.55,5404.96
"P34932",3363.25,2846.67,877,2939.83,3644.41,3548.8,4002.35,4368.12,7639.03,9633.01
"P35080",9514.98,11654.1,8421.52,7806.42,17933.1,13200.7,16314.9,11191.4,24457.4,31051.3
"P35232",4852.57,6067.93,4571.46,7749.02,9840.58,9181.57,10363.9,12094.3,11197.4,10315.3
"P35237",14732.8,13652.1,12014.7,12605.6,22498.8,10717.2,13328.4,8204.8,10916.3,5502.67
"P35527",13903.2,18478.2,3971.8,25280,14649.8,8231.57,15516,14364.1,11452.4,14233.9
"P35555",1570000,767809,956003,624507,925823,827623,1260000,710933,775278,768317
"P35573",1708.94,1803.82,1125.84,711.03,2225.65,1410.61,1378.09,1967.61,2126.49,2059.79
"P35579",1380000,1250000,851327,861758,1990000,2170000,1180000,1650000,1850000,1170000
"P35580",1670000,1650000,1150000,867874,2130000,2690000,2010000,2210000,2550000,2620000
"P35606",1799.67,1577.92,729.44,2875.6,2093.25,3468.85,3246.22,2751.47,1921.85,2817.29
"P35749",2420000,2800000,1650000,1490000,3460000,5770000,4130000,5330000,5860000,5010000
"P36542",11835.6,10932.5,8976.89,11495.9,9720.65,16200.1,16071,13721.8,11911.2,12841.7
"P36871",71500.5,59436.5,34761.9,64304.8,111565,133739,76664.2,127032,127633,140392
"P36955",113798,128345,98638.2,64784.6,98424.5,83015.4,155951,73157.4,69625.9,168046
"P36980",8683.64,8407.19,4749.21,5887.8,7233.62,5680.34,5876.85,917.68,1245.91,10751
"P37802",716961,778534,573523,265999,1150000,840870,741291,699490,612188,883724
"P37837",18762.1,14833.2,9848.87,25645.4,27627.7,19553.3,15991,22216.8,23232.6,14978.4
"P38117",8532.53,4184.53,3861.11,8813.22,8916.66,11262.8,10097,23166.9,13656.7,9585.44
"P38606",1840.69,1583.65,2817.13,11299.2,3369.8,6622.6,3503.71,5807.91,7509.46,1485.34
"P38646",18191.4,13302.1,8978.24,17497.4,20374.5,17646.9,17511.4,32465.3,25802.6,19124
"P39019",12057.9,11510.8,7245.38,15984.6,16828.5,15996.2,14999.9,15971.5,20034,17237.8
"P39023",3187.55,2680.45,2871.78,4187.81,4144.31,4151.34,4370.97,3380.33,5047.62,3065.76
"P39059",33967.9,30771.2,45029.3,37936,34600.3,27462,62832.1,50385.7,38174.8,35551.3
"P39060",237061,220780,131129,79007.1,204971,486675,423607,358352,468006,499836
"P39656",10163.7,9280.09,7845.34,6019.94,8183.79,11813,6669.91,15976.5,14048.5,14531.2
"P40123",11906.7,11274.1,1585.98,4636.93,16433.9,16996.5,17082.4,16184.5,14625.4,19954.8
"P40227",3925.29,5489.68,3143.44,4466.78,5304.89,4841.57,6788.53,7115.26,5755.81,6952.17
"P40925",60159.9,56493,34523.8,53626.4,81026.4,83606.3,73734.7,98682.2,78305.6,88507.1
"P40926",31412.1,26128.5,21214.6,40228.2,28712.7,37359.3,47924.2,78457.3,43566.4,63282.5
"P40939",22663.7,34014.1,19873.5,35572.9,43155.1,56652.2,49130.9,48804.1,54342,38027.3
"P43121",50589.7,49047.2,25874.6,22701.7,117561,169404,71929.6,88724.7,136348,89102.4
"P43652",41016.6,21285.8,34906.8,18111.4,15786.2,7086.84,22462.6,15786.9,15174.1,14811.6
"P45880",17149.7,17945.9,11750.1,21111.6,36581.5,41373.7,40551.2,47717.3,50291.1,40853.3
"P45974",11354.8,9151.26,6349.28,9390.77,16447.8,16332,15305.2,18807.8,20897,17765.4
"P46108",7591.93,8899.07,12556.3,28647.7,5228.74,21598.5,34266.6,24281.8,9845.58,26411.3
"P46109",2397.81,2900.95,1385.42,1459.83,3588.42,3676.89,4543.19,1652.62,3321.8,4364.8
"P46777",12842.7,9874.15,8273.96,10168.4,10622,13164.1,14495.7,11858.7,14008.5,13813.8
"P46781",16580.7,9123.32,9261.94,19447.8,16856.4,17890.6,15347.9,17744.3,15150.9,10498
"P46782",6636.05,2354.75,2497.19,9935.87,8631.42,10645.5,11749.5,5170.62,4742.9,10688.5
"P46783",1922.47,3218.55,4309.86,6376.76,9169.8,9658.5,2543.68,8515.7,8519.57,7066.81
"P46821",61275.2,41671.7,13203.6,9487.52,80218.5,104184,120092,93977.2,106776,159161
"P46926",5555.3,5404.05,2005.18,5375.75,7992.5,7659.76,7839.68,8138.33,6315.21,8155.81
"P46940",105049,84351.9,61606.4,95766.1,158962,150528,137899,127708,139194,124213
"P46952",5053.97,15183.8,1837.5,12445.5,13684.8,24315.5,19663.9,28985.7,25038,22392
"P46976",21182.8,19347.1,15668.9,7556.3,34758.2,31781.8,27493.3,27052.2,29831.5,49764.7
"P47755",12923.9,10374.5,5565.84,10921.4,15469.4,17664.3,14957.6,16370,17382.3,17373
"P47756",40560.4,45115.1,32273.8,34217.7,59277.2,64998.6,55669.7,68274.7,66914.1,60056.2
"P48047",14017.6,19226.4,13384.3,12069.2,19394.6,16974.4,22731.8,22215.7,22347,22805.3
"P48059",17890.3,21134.4,20190,21354.1,13495,21646.4,51861.3,46123.8,51730.8,79427.3
"P48444",3186.1,1241.79,770.01,4459.16,5041.4,5422.8,5071.53,6137.73,5406.86,5028.18
"P48509",20102,11670.6,7732.33,7726.47,12584.4,24070.4,6669.38,9749.06,17079.7,26529.8
"P48643",10205.6,11610.2,5791.88,9274.91,17742.6,16808.4,14811.8,15935.1,14408,17042.4
"P48735",13439.7,8798.94,2902.32,16291.6,11474.3,6960.67,12007.6,14271.1,10165.9,6804.33
"P48745",20004.7,19406.5,11830.2,4721.34,16375,31203.3,9305.57,25089.8,27369.9,21582.4
"P48960",2795.14,3517.28,2631.99,2801.39,4213.03,2927.17,2198.12,3285.19,4801.85,6318.77
"P49189",23575.1,16436,7054.54,29307.1,25898.5,40461.6,34349.9,33973.5,48029.5,34805.8
"P49257",1748.23,655.78,1244.56,2971.56,2711.75,2340.13,2079.51,2391.17,2895.56,2266.91
"P49368",14351.6,12456.5,8219.63,16680.2,26628.5,32928.8,24715.7,29263.8,17502.1,20155.1
"P49411",11137.2,8457.07,6316.06,12157.8,15004.3,16453.5,11934.8,19035.4,18407.7,8426.1
"P49591",2712.78,2179.08,2408.97,3268.07,4623.23,4222.71,3938.74,4368.12,4007.18,4971.19
"P49721",2081.11,2765.07,3231.63,710.25,4658.52,4143.6,2699.24,4084.75,4708.96,2477.62
"P49908",17312.7,9895.74,9568.16,5607.01,8721.11,16186,10460,5190.44,7923.72,20553.3
"P50395",34432.3,22350.9,12923.2,34225.8,53220.6,54044.8,49262.5,50964.2,44949.9,46771.9
"P50402",4295.73,1816.29,1003.09,1747.17,3489.45,3824.92,4666.8,3128.15,2482.65,3353.64
"P50454",29242.5,16490.3,16109.6,26601.9,36899.7,20625.6,27477.2,25610.4,19970,25839.4
"P50479",40260.4,32277.7,25302.1,3224.03,58040.7,79406.8,58460.9,52322.1,75011,64560.7
"P50552",4738.72,3508.53,2386.17,1664.86,10355.6,16275.3,14846.6,16311.5,16224.5,18602.3
"P50895",109233,69783.1,32820.1,26886.6,153255,138212,100029,115015,116339,129631
"P50914",2992.22,1131.19,2673.92,3659.52,3965.19,3178.94,5276.82,4495.12,3697.98,3229.56
"P50990",19469.5,14705.4,6385.48,16576.1,25370.5,28352.5,22460.9,30138.2,37964,24869.3
"P50991",12922.4,16102.9,7240.36,15567.2,24378.4,26975.1,17934.1,28492.7,29469.7,20860.1
"P50995",49470,40335.5,27368,35772.4,62791.8,75162.3,59019.8,64837.7,71039.4,84832.3
"P51149",4449.74,3195.3,2142.36,4787.68,7792.96,8247.62,6381.31,7905.04,10318,5666.79
"P51452",9473.39,10261.9,8236.04,2527.68,6447.17,14863,12256.8,12980.5,7693.78,13631.7
"P51572",13511.6,5618.17,6040.04,14051.6,14235.1,18071.3,16546.3,13530.9,14212.3,9596.54
"P51884",1670000,1060000,1170000,696417,826625,703276,1070000,1110000,583024,711417
"P51888",2060000,1280000,1140000,539091,1460000,1130000,1290000,1570000,1110000,1060000
"P51911",1520000,1870000,759444,233139,2850000,2730000,1980000,2250000,2900000,3780000
"P51991",10531.8,9514.42,6318.4,7412.91,13293.4,14042,17106.9,11939.3,14025.7,21147
"P52209",16783.9,13987.9,8144.16,28546.5,19974.1,11738.9,18687.2,20105.6,13985.9,10158
"P52272",4819.04,2404.32,3219.58,2834.7,2817.88,3843.17,6151.57,4111.85,3574.54,6559.11
"P52565",21643.9,38881.7,28555.6,21882.1,45975.6,34801.7,30332.6,51719.9,49021,30053.2
"P52566",10455.8,5696.02,9988.36,9664.52,8633.54,11322.8,8952.5,3590.41,8154.25,10293.1
"P52943",92162.8,91746.9,74150.7,30730.2,117398,104983,122694,80322.9,102881,122545
"P53004",5462.57,3734.42,4352.13,10828.1,6085.8,7392.82,6879.08,5038.64,4541.87,6685.15
"P53396",3186.1,1123.09,1928.39,1316.42,4451.29,1409.23,3567.32,1229.28,1168.91,1383.08
"P53618",1378.93,1386.07,1243.23,1594.83,1379.5,1732.35,2336.45,2430.78,1700.52,1485
"P53621",3231.49,3355.79,1217.07,3116.81,3810.77,5187.64,4623.18,5935.84,4852.45,3444.5
"P53708",28113.8,16727.7,7720.6,8765.22,32164.7,34668.9,24428.2,34855.1,32821.6,52869.2
"P53814",69652,63135.6,28065.9,14194.2,125307,178038,136560,143707,201595,177966
"P54289",7895.07,4734.12,4417.51,3296.67,11513.2,7867.52,7320.2,7793.74,9577.57,10468
"P54652",40517.9,40467.7,19651.5,10653.5,62564.7,54902.7,36603,48496.3,51895.5,41901.3
"P54727",5360.84,12621.7,5297.53,10465.2,11453,21447.2,23477.1,19572.6,23078,22487.1
"P55001",42514.6,26448.8,32133,33561.5,34070.7,43577.7,44807.1,29076.8,44163.8,44002.5
"P55072",57346.5,58849.9,40241.3,56729.1,72948.7,78157.2,81263.5,86898.4,77164.8,89741
"P55083",172863,75497.7,183928,133680,72097.8,292149,257463,450862,136252,348672
"P55084",29808.6,31041.3,23470.3,37234.1,40111.1,53108.7,43255.4,46158.9,53888.2,39001.6
"P55268",366084,274165,189645,191471,508434,457794,360733,438935,447823,440053
"P55290",60716.4,49610.6,39704.6,35519.5,69495.6,54778.8,53498.8,37798,49480.9,83743.6
"P55786",6010.45,3539.21,6489.76,4340.38,9413.92,10175.3,6944.93,10607.6,9406.25,6133.8
"P55809",5084.01,3985.29,1992.78,1727.77,4531.69,9092.49,7155.23,9512.82,11169.9,10888.4
"P56134",5833.31,5422.6,4806.23,4306.32,7424.68,8425.79,6971.32,9759.08,10213.2,7591.76
"P56199",64275.5,53344.3,35875.7,19129.2,83775.6,57524.5,51597.1,69370.5,63036.2,61033.2
"P56537",3178.59,1966.67,2198.69,4024.21,4689.04,5574.39,4749.31,6073.3,5941.29,6177.11
"P59998",44108,44793.9,43477.6,48535.2,63354.1,65308.4,47598.6,56442.4,63977.6,55277.8
"P60033",11958.7,9734.56,8420.51,10708,14270.7,17241.9,13393.2,8402.58,15258,15480.5
"P60174",173397,112805,87560.9,136863,134891,140452,178389,225612,127975,205949
"P60660",314376,393856,275676,246083,521673,809773,557456,901153,821964,579799
"P60842",3668.68,4909.1,4773.69,6718.38,9219.93,7862.24,6192.42,10860.5,9997.1,7111.43
"P60900",3464.67,4295.47,1442.76,4763.81,4150.96,3202.18,4432.07,5729.61,4111.72,4771.89
"P60953",16817.1,7108.42,8467.81,18309.4,21416.5,20141.4,22469.5,5329.73,25137.5,16054
"P60981",151775,123611,67655.9,85221.6,241703,332946,232467,223865,206136,341315
"P61026",4343.12,3537.53,3774.94,2478.13,1555.14,2975.33,4308.45,3501.87,2857.2,5253.55
"P61088",9021.73,11685.1,8325.93,6143.67,14922.8,13540.9,9985.3,13810.2,13499.9,10774.8
"P61158",54949,53918.5,47106.3,53242.6,78546.8,102270,77725.3,78135.5,78796.9,84715.1
"P61160",43758.9,33618.9,28763.8,35570.3,57457.5,65780.4,52947.7,57284.9,58980.9,58827.1
"P61247",13516.6,7532.91,8296.09,11181.5,13866.3,17666.8,13295.1,10563.2,11196.6,8757.32
"P61353",2737.93,4914.16,3028.07,2187.37,2536.63,2384.41,4367.91,2771.5,3865.1,3570.22
"P61457",6594.13,1800.79,2516.64,4591.32,16444.8,13895.3,16926.9,19365.4,13879.2,17112.8
"P61586",6496.76,1175.69,2604.5,3511.11,3277.19,7011.84,4791.53,3569.25,3387.43,6972.05
"P61604",17972.1,23671.3,20334.9,19301.7,43855,38321.4,41224.5,41573.4,36634.1,41029.5
"P61769",8009.77,2687.53,2045.1,6539.31,6840.12,4239.04,6325.46,1426.37,3001.49,4681.68
"P61970",7345.46,6660.32,5041.97,7295.41,7881.86,14905.6,14011.6,15953.5,10053.6,14554.7
"P61978",37179.2,33874.8,22279.8,40088.2,48817.8,56043.6,70526.8,46343.7,53791.4,77287.1
"P61981",55717.6,29452,23910.3,33248.7,61062.4,68877.7,54652.7,44992.4,63447.9,69498.3
"P62140",8479.89,10360,6029.64,4006.65,6281.07,13408.2,10273.6,14148.4,16773.9,10516.8
"P62158",30805.2,94513,59594.8,2182.39,91111.9,65045.9,32226,166193,143693,7101.98
"P62244",14765.5,9951.06,9713.7,11675.7,17008.7,14907.6,15928.2,15141,19912.5,12818.3
"P62249",10448.6,8997.56,6548.79,10786.9,10974.6,12332,8796.92,9022.35,12277.6,6989.96
"P62258",69064,49285.2,32028.6,71699.1,61130.3,91137.4,91965.7,69546.7,70413.8,98344.6
"P62263",11238.1,8347.83,7546.2,2551.27,11862.4,13455.5,11014.8,12119.8,12713.6,13798.2
"P62269",17679.3,14801.8,13817,11228.1,21732.7,24488.1,20260.3,18585.2,22560.3,20641.9
"P62277",6183.24,6657.63,4126.75,7223.08,8296.03,11578.1,9293.06,10968.1,9664.85,9399.17
"P62310",3605.97,3004.12,2052.8,3795.58,5495.14,5132.05,5447.95,5612.64,5176.35,5307.92
"P62316",1810.06,2220.89,341.4,4561.95,3274.26,3772.6,5462.38,3765.2,3882.07,3555.54
"P62330",2945.99,3115.04,3400.99,1744.29,6569.48,5938.74,4199.85,5573.5,4712.58,1767.35
"P62424",7223.47,4535.86,2753.73,7315.1,6625.22,5504.42,7855.5,5974.08,6802.37,7345.9
"P62495",2806.13,1228.62,1275.08,3374.01,4336.68,2215.09,3893.73,5708,5300.65,4369.05
"P62753",9072.28,6367.68,2221.83,10202,12232.6,12239,8058.85,8184.53,9350.1,7410.71
"P62805",719403,630061,469462,579130,477896,669994,921943,1070000,945242,680704
"P62826",17220.5,11187.1,9558.1,21655.9,15399.7,19860.6,16606,14965.9,16197,15340.5
"P62829",9582.59,5569.6,4384.65,13802.5,12268.4,13204.6,15611.6,12450.7,12780.9,11909
"P62873",19735,13702,11944.6,18009.7,19260.3,21690.4,23480.1,14194.1,23309.4,25913.4
"P62879",6343.03,9818.88,4706.94,3007.2,18511.5,20577.4,17947.5,12054.4,14611.3,4159
"P62888",3587.77,2348.68,2654.13,3362.2,3133.64,2756.77,2103.12,1427.73,2237.15,2785.35
"P62899",9756.26,12331.4,6544.09,6160.2,14204,18484,4077.34,3810.51,14208.4,16840.8
"P62906",1788.11,992.95,719.03,3573,2425.45,3202.72,3218.14,3145.44,1488.1,2650.87
"P62913",3054.34,8741.3,7051.87,3984.1,4353.39,4322.84,3735.39,12841.3,11867.2,9905.92
"P62917",9565.25,9097.7,5345.81,10477.3,11996.7,12054.5,11847,10936,13821.6,10372.2
"P62937",29330.9,19368.7,1898.2,11598.6,33131.6,25470.4,23066.2,45523,28942.5,24336.9
"P62942",28941.7,32799.9,15776.9,16786.9,44094.3,40632.2,36271.4,41201.3,37196.6,41437.5
"P62993",4740.15,2705.39,2017.26,2006.72,4197.63,4785.13,2578.68,5605.13,4903.06,6855.47
"P63000",21742.5,8572.05,6901.61,10873.7,4648.45,20890.6,18019.4,10890.7,13478.8,18653.8
"P63104",133407,80672.8,57109.8,100050,122930,163783,139069,97078.3,140877,161490
"P63208",3084.96,4083.39,3250.09,3365.09,5031.05,5560.29,4803.48,6147.96,4864.39,5757.66
"P63244",16851.2,10422.1,11109.5,21945.3,17511.2,21743.5,20019.2,17615.2,17739.8,16894.2
"P67936",13485.3,23831.1,32369.8,21279.9,50731,18299.5,28586.9,30121,43957,26810.2
"P68036",5882.13,5810.01,4095.9,5380.22,5496.21,9593.21,9588.07,9044.44,8892.15,11635.5
"P68133",221296,754775,480861,64677.1,572515,569105,313204,851882,646472,280842
"P68366",10976,31948.6,15238.6,14877.7,34643.5,42396.1,36706.9,40928.6,42748.9,41029.8
"P68871",3230000,3380000,3710000,21800000,2320000,5370000,15500000,9030000,6850000,12800000
"P69905",3150000,5030000,4070000,16700000,2570000,4420000,13200000,10500000,7620000,8810000
"P78371",17026.6,16348.7,2621.29,11397.3,20711.7,23059.2,26979.1,21707.5,20580.9,26780.3
"P78417",48981.3,37145.6,31077.9,45148.8,59064.9,61493,66290.8,28901.5,57230.3,65057.3
"P78539",14089.6,10905.9,6481.06,13488.4,23531.2,11340.5,5126.82,4716.56,14083.2,14414
"P80748",12275.5,18164.7,26224.4,11901.4,4578.67,7889.36,8094.68,6476.4,5492.5,8652.14
"P83731",5290.92,4291.43,3212.19,3714.31,1903,5313.53,6387.69,6546.95,2187.1,4522.13
"P98095",171191,106420,98584.2,54003.5,98648,62859,89623.5,50552.9,39848.9,33948.3
"P98160",1950000,1530000,1360000,1010000,2440000,2790000,2410000,3050000,3010000,2410000
"Q00325",24532.4,14351,5682.86,17489.8,25515.4,27985.1,26890.8,28276.5,31860.1,24640.7
"Q00577",5254.22,5071.28,3235.67,4087.66,6728.42,7034.81,6661.59,5924.46,5741.91,5582.78
"Q00610",40410,32990.8,24136.1,38928.6,56639,62700.2,68061.4,51437.9,51069.1,57751.8
"Q00796",5494.34,2331.49,1663.11,4140.88,2269.16,5633.05,4984.57,5054.12,5699.37,7360.87
"Q00839",9655.13,10651.7,9404.15,4933.19,8154.07,12055.4,11940.4,11318.8,13075.1,11021.9
"Q01082",82121.1,54523,21505.4,54786.1,92478.9,111341,133600,115938,110323,87590.7
"Q01469",19339.5,8696.12,12584.8,44880.6,8409.87,24736.5,13511,10390.4,20413.5,3075.21
"Q01518",113878,94772.6,85917.5,121467,169393,207348,135797,170679,187125,190459
"Q01813",24741.1,21659.4,12611.3,12515.7,34511.4,44903.6,24737.4,26483.4,23556.3,31543.7
"Q01995",5940000,7030000,3770000,1450000,10100000,10800000,7120000,11700000,10300000,10800000
"Q02252",7845.93,4410.12,3901.37,7265.82,11072.5,12402.3,6612.71,13942.6,14337.1,9947.94
"Q02543",2398.12,2380.38,1351.87,2697.84,2304.97,2799.64,2455.9,1533.57,2226.02,2139.58
"Q02878",1356.11,2678.09,1606.77,3244.23,2492.85,2623.98,4529.58,3867.4,4165.68,2240.54
"Q03135",67889.9,43014,26547.7,37029.6,84572.1,115658,110086,103340,80587.2,103349
"Q03252",14290.7,16525.4,17137.2,15119.7,29582.2,29492.9,29520,21265.9,36777,32587.5
"Q03591",12691.3,5212.21,2491.47,3600.26,5573.95,5195.12,5891.29,1390.42,641.17,19858.7
"Q04446",4025.55,2697.99,2463.66,1625.53,4534.89,5021.95,3425.64,2204.32,2141.5,4148.26
"Q04760",42634.5,19846.4,14514.2,24415,42432.3,43089.1,44389.1,55968.5,36894.7,66914.6
"Q04917",34441.3,20099,21332.3,32054.7,41923.9,63395.2,45404.4,26602.9,41881.4,57937.1
"Q05397",22054.8,24834.8,17967.9,30520.2,22780.6,26245.3,33790.7,38906.1,35981.6,41966.8
"Q05682",287405,265190,149198,123918,530564,579815,617032,434552,610732,939077
"Q05707",1730000,1700000,904948,1070000,2850000,1280000,1290000,1260000,1070000,1670000
"Q06124",3809.68,2434.99,1701.67,2708.58,5244.68,4558.56,4449.01,7928.04,5807.25,6104.16
"Q06828",191103,144514,163456,59824.6,196445,137364,105216,152469,125242,125760
"Q06830",157563,156169,111014,129016,247364,178565,166139,215347,200038,203758
"Q07507",253267,196126,137615,117281,66567.9,127973,253412,128702,109031,197556
"Q07954",31113,36139.2,34201.5,30241.2,59357.1,53902.9,57958.1,45249,54593.9,49522.4
"Q07960",40481.5,38015.5,32177.2,24563.7,66480.1,94571.9,59271.7,67255.7,91148.2,57088.1
"Q08209",1456.38,1860.46,811.27,1599.3,2065.11,2367.25,1283.09,2163.12,2825.77,1275.28
"Q08211",3881.05,833.13,1006.45,2612.9,5117.84,4603.12,4913.74,3330.49,4442.32,2307.95
"Q08257",21772.2,17770.9,12232.7,16950,25114.5,32489.5,27811.9,23703.1,14623.8,31890.8
"Q08380",65319,105215,146578,165260,121999,98309.7,72554.4,90420.9,153275,212981
"Q08397",7226.37,1921.15,9001.72,7331.09,5864.76,11456.2,6931.05,7855.42,14257.3,24351.2
"Q08431",1010000,1140000,1050000,846982,1500000,2020000,513988,761085,2120000,1300000
"Q08722",5254.8,5003.16,2534.4,3429.06,7764.03,8628,3567.04,4321,7821.12,5339.51
"Q09666",1080000,818757,506820,836823,1470000,1630000,2050000,1520000,1530000,2160000
"Q0ZGT2",27197.5,21145.6,13628.5,5499.51,50313.8,47710.2,49196.7,42224.8,57911.2,92988.5
"Q12765",20028.6,14540.2,2506.9,7970.55,20745.7,30092.6,29020.3,25961.3,25096.4,35956
"Q12792",2399.56,1996.01,1881.76,1553.94,1964.3,2739.33,2806.2,1989.69,3543.4,2824.44
"Q12805",700719,514624,838385,658123,523226,636107,612692,355583,469811,1030000
"Q13011",7190.55,5636.37,4370.56,5356.34,4148.28,4476.95,8276.65,5990.46,8235.98,6676.02
"Q13228",63949,67662.4,24593.8,72370.5,93124.2,87659.7,92719.9,153714,98165.8,104509
"Q13361",28129.7,10880.9,16780.3,3667.4,9643.96,4455.1,10694.2,9154.11,8755.63,9203.79
"Q13418",108746,137559,91928.7,41335.1,146466,203894,164955,172879,218694,200145
"Q13425",6776.76,6037.56,513.46,3282.77,10734,11958.2,8741.65,8720.52,14650.8,11918.2
"Q13464",1323.16,3270.49,530.89,3548.89,5422.98,5871.8,3580.38,4471.45,4477.35,3804.35
"Q13561",6682.28,29244.2,18187.5,15095.6,42310.2,32554.5,34617.7,40643.9,30913,43634.2
"Q13642",261052,135534,67855.1,82768.8,335148,334677,319918,201447,367732,513293
"Q13643",3762.89,4223.31,4253.84,1784.14,6804.85,6178.6,5662.39,4441.87,5431.34,7016.98
"Q13683",18990.1,16171.7,7233.95,14208.4,26435.3,47896.2,41642.3,43217.9,63568.1,55396
"Q13813",125110,93743.5,30977,109626,147082,155744,199613,167676,171485,155619
"Q13976",26429.7,25030,20009,13354.5,49327.8,65772.7,41071.2,61317.4,68647.7,58602.7
"Q14019",6822.98,4101.94,3868.18,11940.2,6322.2,5606.21,10082,10225.9,8371.38,7361.86
"Q14103",7631.23,7097.97,6208.74,9649.3,7518.87,10154.8,10532.5,9856.49,11302,13109.1
"Q14112",21163.1,5618.49,9774.75,25185.8,17854.3,17251.6,23411,9479.58,15579.7,20406.1
"Q14192",26529.4,8632.07,10610.8,12841.3,29857.4,12031.9,21516.5,15571.3,2865.26,24221.9
"Q14195",206093,194529,133305,114697,285459,338846,317991,326709,346285,367572
"Q14203",4106.46,2783.61,1794.91,1548.17,6553.84,4283.3,5444.88,4072.69,5057.09,5569.1
"Q14204",54926.7,38695.6,15882.9,48903.2,97812.9,77802.3,71316.8,76317.2,92638.3,56525
"Q14314",17376.2,13987.9,8830,4640.08,23608.1,8285.79,10335.3,7837.66,8660.28,14217.6
"Q14315",258884,131189,82650.9,84562.2,288885,531930,450887,380068,401534,631823
"Q14515",7139.99,10912.6,8186.41,1657.52,13857.5,13520.5,10893.4,8444.03,14715.3,50977.1
"Q14624",268221,143574,137518,127489,89739.3,91233.4,65423.6,41953.7,45503.7,69057.4
"Q14697",17679.1,21264.2,17112.7,24873.3,23805.5,21436.9,23636.8,34726,22461.3,18978.1
"Q14764",9264.74,5933.41,7951.99,7043.74,10620.4,6136.53,5551.57,8787.22,8900.78,5055.21
"Q14766",94765.5,69190.4,74850.7,73012.6,69262.9,65810.6,73893.6,46750.2,57146.4,104241
"Q14767",154284,114691,137545,112919,126727,126805,186961,144259,144628,258915
"Q14847",74173.1,56853.5,43872.3,25384.1,90804.6,101899,116805,82892.3,89711,113885
"Q14956",4205.27,5916.22,16814.2,3237.14,7211.36,5667.08,8753.87,3673.27,3950.47,5771.67
"Q14974",3818.93,3057.4,1605.09,3355.39,6831.9,5909.41,7644.65,9080.6,10465.6,3720.65
"Q14BN4",20403.7,12101.8,4333.01,10339.6,31743.7,49643.2,32642.9,58695.2,57319.9,53215
"Q15019",33731.8,30084.8,13787.1,26686.1,26292.8,41349.6,56502.8,37933.6,38988.9,55075.9
"Q15084",25221.9,22283.5,22816,46353.8,43449.5,36337.6,39842.2,49209.2,35683.5,42310.3
"Q15113",34620.1,23671.2,22596,32176.9,28024.7,23449.8,55536.4,27923.9,20341.2,37358.3
"Q15121",8892.27,7871.09,3650.51,7079.41,5221.04,14023.4,23509.6,22388,11597.8,23827.9
"Q15124",323068,275806,184004,138214,496259,859537,388666,590014,670611,539819
"Q15149",99987.1,74804.5,57074.9,114990,134699,121885,130632,97292.2,133348,109171
"Q15257",7892.46,6424.66,4922.25,4486.43,8311.46,9014.48,8989.71,10065.2,10828.5,7258.94
"Q15365",25708.8,12706.3,10564.5,23899.6,33352.4,26166.2,27638.6,18327.8,33469.1,42494
"Q15366",6373.38,5372.36,2141.69,6009.71,7386.48,8526.75,7574.95,5939.7,9736.87,11059.4
"Q15370",2188.62,2902.64,2622.94,2811.1,2798.52,2440.83,3336.76,3084.45,3003.44,4585.94
"Q15404",117752,141238,107207,65591.8,143285,220590,147282,232821,237018,248891
"Q15417",72397.5,52942.5,38353.8,12409.8,107800,43118.7,72076.9,23522.1,42249.7,81913.1
"Q15435",4808.05,3785.33,1139.26,1255.32,5058.39,5100.78,5243.2,6276.32,5240.32,6911.46
"Q15582",502769,384810,689274,603401,626153,423806,366494,607672,296370,282331
"Q15691",8819.16,1790.33,1869.37,7381.19,16502.1,15020.1,15901.6,12738.6,16634.9,23111.1
"Q15717",875.27,1731.67,1473.62,2148.32,1733.71,2139.86,1693.67,2907.15,2496.57,2417.71
"Q15746",162378,165168,78486,79703.5,179441,323436,296478,222082,339296,390740
"Q15847",43529.2,42708.2,34695.9,4395.99,50137.4,40692.3,63421.6,22837.5,50681.8,70206.6
"Q15848",7255,2286.96,1954.55,3878.69,4619.25,3988.94,5310.15,2557.78,2133.71,6744.08
"Q15942",72706.3,80382.2,51527.2,9216.96,85923.5,109484,149343,81765.7,130287,232548
"Q16270",121259,70151.6,198816,69521.9,169517,77229.4,103961,71213.7,59626.2,181164
"Q16527",124883,118276,84602.2,41913.5,247212,88763.5,85649.2,58318,56923.9,139993
"Q16531",3976.73,1339.88,945.09,3405.2,4440.41,5654.6,5218.48,6745.43,6053.59,4021.9
"Q16555",113067,98800.4,62948.2,83231.3,130242,150744,147378,141080,175277,173217
"Q16563",9209.83,7284.42,6201.03,5280.84,8619.77,8508.24,5227.08,5886.67,5887.32,4814.22
"Q16610",3719.25,3703.74,3229.97,3656.11,1843.83,2537.38,2594.53,1331.24,1392.17,3010.73
"Q16647",54189.9,11939.6,10433.1,23876.5,41255.7,70538.9,58849.5,64445,62543.7,63033.7
"Q16658",7797.95,5998.49,5695.28,7869.62,5393.51,5593.21,8897.46,6884.04,5835.87,4834.09
"Q16774",1170.88,2023.65,1083.58,1029.58,1642.17,1888.65,1671.73,2267.13,1299.87,2863.85
"Q16775",8761.65,10769.3,8819.94,9025.84,16901.2,14586.1,13984.3,12515.6,15129.2,19360.8
"Q16836",7522.28,6153.56,717.7,5224.73,7233.64,10470.2,10275.3,11244.6,12337.7,10649.1
"Q16851",22288.9,15604.9,12093.5,17611.2,35106.8,30688.3,18873.1,29188.3,31450.8,23119.9
"Q16853",251626,166557,126596,102089,407758,423994,228698,292890,381824,310514
"Q16881",720.39,2038.83,695.89,951.98,1344.46,1194.01,954.47,2090.52,1762.25,1189.62
"Q16891",5953.22,3834.88,2166.17,7104.58,13625.1,13214.8,14422.4,16079.4,15312.8,13634.4
"Q53GG5",113022,126406,62512.3,36849.5,200023,248298,156085,175465,218855,242676
"Q53GQ0",7952.26,3824.78,2976.42,4394.41,8704.91,9467.07,9708.07,6754.97,8885.77,9283.25
"Q53TN4",8476.74,3581.35,1803.3,2734.03,10617.2,7879.41,11834.8,2623.1,7702.13,7893.99
"Q562R1",198738,342849,212425,71999.5,340571,403177,81490.7,237332,125626,203215
"Q5JTV8",2016.97,570.48,353.15,1905.54,1941.73,2862.45,2877.85,2923.08,2593.04,3188.21
"Q5SSJ5",15004.7,10530.3,8382.3,11604.1,18204.3,24548.9,20350.9,12971.5,18181.7,19529.1
"Q5T4S7",14568.7,5912.83,4624.1,10218.2,28437.5,40987.7,27468.3,26482.3,23919.7,42344.9
"Q63ZY3",9958.83,18541.6,7708.84,3442.68,18991.3,36916.9,40616.8,28256.9,46145.2,41775.7
"Q6DD88",5103.68,2959.62,1662.1,2554.16,11428.6,9878.71,11585.6,9959.84,11627.8,10526
"Q6IBS0",1819.89,7147.19,5380.36,4111.78,9537.54,7998.09,6181.58,7063.83,9054.54,9518.7
"Q6NZI2",188364,211029,100851,114067,296782,308795,303457,321611,318551,326715
"Q6UVK1",14125.7,12056.3,2305.34,2468.96,28984.7,32104.1,27708.6,31778.2,35688.7,49487.2
"Q6UWY5",23655.1,21469.5,13703,13401.6,23277.8,13436.1,18870,33663.6,12814.6,8539.74
"Q6UX71",10857.8,8960.46,10145.7,4343.03,8332.39,6262.42,12240.4,7716.84,7690.99,8153.52
"Q6UXI9",8310.58,4894.6,4002.99,6489.48,12607.8,14830.4,5753.48,8470.63,10773.7,20892
"Q6ZMP0",3675.32,6715.28,4254.52,2352.54,12055.3,8034.32,4016.51,7510.83,3547.58,12632.3
"Q7KZF4",3100.28,964.63,776.05,5435.54,8159.91,7016.83,7969.41,6711.73,9833.34,3786.77
"Q7Z5L7",2902.63,4069.56,2182.26,3286.95,2945.51,2356.73,3337.87,3779.76,3310.12,2671.72
"Q7Z7G0",94323.4,60510.4,38340,49496.5,59177.4,135864,157826,107133,134438,101534
"Q86T65",18169.7,11960.2,9996.76,41001.6,8033.63,13398.8,14232.6,6287.26,4872.74,21055.5
"Q86UP2",2014.36,503.05,425.25,892.73,2411.12,3026.77,3464.82,3081.03,1268.16,4326.71
"Q86UX2",15087.1,9764.94,3507.67,4418.8,16058.5,21223.4,19416.4,12113.8,18374.6,17205.9
"Q86VP6",11072.2,7847.16,882.02,14402.6,19057.1,17615.9,15703.8,18366.3,20058.5,12690.6
"Q8IUE6",13256.2,10678.6,8185.74,9219.32,11851.8,16237.1,12842.6,20046.9,20334.3,9099.59
"Q8IUX7",203660,145627,166273,105235,136455,133620,179147,99014,105836,148646
"Q8IVL1",19873.7,9818.54,7182.99,35601.2,21793,17916.9,17905.5,7838.36,13319.2,13756.8
"Q8IVN8",18351.5,15130.5,11975.1,5857.9,16474.6,21568.9,22049,10896.2,14780,30750.4
"Q8IX30",9307.51,12792.3,3623.37,2381.9,17916.9,25523.5,6330.19,16579.4,23825.1,23602.2
"Q8IXB1",2815.08,1367.2,4038.2,1812.45,307.26,4258.12,3009.54,8375.73,3218.09,8326.14
"Q8N1G4",2218.09,2946.48,1839.84,1936.47,3252.5,5454.61,4547.08,4705.89,6326.91,5218.36
"Q8N2S1",94646.2,83065.3,74151.3,43282.4,102457,153381,135616,154899,152054,293545
"Q8N335",16056.2,13967.3,2603.5,1599.31,27905.5,32173.3,19932.5,31547.6,35750.8,23979.9
"Q8N3V7",6485.51,17854.8,9831.4,2046.85,19382.4,21447.2,19788.1,11378.5,22244.7,29071
"Q8N436",8993.1,3827.82,5517.87,2367.75,9311.22,6549.02,5869.91,6838.75,6039.99,5915.93
"Q8NBS9",8609.06,4554.74,6847.29,14285.7,6635.03,5192.33,10019.7,9754.07,4620.28,13554.9
"Q8WUM4",32161.6,15865.9,13535.3,22695.7,41336.9,50331.2,42904.6,40267,49397.8,48618.7
"Q8WUP2",81445.8,85871.9,54472.4,31847.6,113495,107088,98039.2,68955.4,80249.4,179763
"Q8WWX9",2238.6,3830.17,2042.76,2656.15,3893.82,3658.35,4766.53,5411.2,4548.53,7698.25
"Q8WX93",89684.7,112313,68931.3,35267.7,147736,223892,193678,176274,261463,254673
"Q92499",2345.51,3789.04,1042.67,3045.48,12930.7,15323.1,12595.9,10814.7,12230.6,17361.5
"Q92522",8463.72,5433.73,3659.91,4300.57,1589.9,5495.28,5394.59,5459.69,5249.48,6039.67
"Q92597",4810.66,4192.29,7857.43,981.08,15600.5,12579.4,10132,8107.61,10668.9,7005.59
"Q92626",13971.1,2980.86,3712.24,11016.8,10961.1,3130.24,566.69,5612.65,3451.11,7189.24
"Q92629",6178.61,3909.4,6697.38,4750.96,17983.2,21419,11738.7,17997.6,19250.7,17387
"Q92747",8290.64,8517.43,1761.03,4959.14,11379.8,15384,11300.1,14163.9,12828.2,17669
"Q92765",62027.4,56455.3,27747.7,8289.12,128222,32942.6,42471.8,29812.8,15237.1,49229.3
"Q93052",246432,239821,174681,59368.5,359671,443545,486965,330514,510655,627272
"Q93062",2933.56,3879.41,2000.49,1814.03,6272.57,6365.59,5083.21,6962.55,7123.51,6435.03
"Q969G5",79122.5,75652.4,45953.6,28547,127630,116310,98885.1,100923,137324,120566
"Q96A00",13663.6,8741.31,7080.04,5277.97,11767.5,16450.1,12601.8,13801.3,12043.3,17441.7
"Q96AC1",144301,123090,87102.1,56829.9,163856,245835,204650,193518,233634,250611
"Q96AE4",2757.87,2351.73,1016.84,1483.16,3191.48,3581.72,3932.33,4181.26,1807.3,5221.97
"Q96AQ6",2116.36,1156.46,1066.81,1704.96,3656.37,2565.34,1825.06,3394.22,1249.26,5778.17
"Q96C12",18528.6,12360.7,13795.8,29686.7,23703.4,9532.35,12664,23352.8,13255.8,8806.81
"Q96CW1",9329.75,8217.67,8022.42,6192.7,10987.6,12617,11398.1,11487.5,13095.4,10808.6
"Q96CX2",12613.8,10483.1,9878.7,19477.7,16182.1,16526.5,15492.9,17552.1,14792.6,17629.6
"Q96FW1",1155.56,1667.61,1149.65,847.11,1498.89,1100.49,1267.54,1584.79,1274,1046.02
"Q96G03",1156.14,1889.47,962.86,6690.07,6414.01,4156.03,4953.75,6431.33,1999.43,4121.53
"Q96HC4",69962.9,48383.6,33865.2,23788.7,113317,124565,111240,83113.3,129433,128448
"Q96IU4",9138.18,7020.08,3458.02,6988.67,10614.8,9212.85,9329.16,7561.83,11160.7,7133.9
"Q96JY6",10283,11720.8,10867,1949.04,10941.5,13276.8,14377.4,6413.58,14902.1,22328.8
"Q96KP4",13406.8,6208.19,10688.6,23023.9,17647.6,16041,18694.2,22481.1,19688.6,6943.39
"Q96P44",22733,27172.4,20292,6155.99,16651.8,11294.3,15564.4,9517.14,12449.2,30082.5
"Q96QK1",18450.3,11866.8,12299.4,17170.5,27614.2,27642.4,19285,24336,27303.5,22268.6
"Q96RF0",7434.42,8438.85,4740.48,3351.98,7251.4,12198.1,11997.3,7365.41,16790.6,11694.1
"Q96RW7",10854.9,13280.2,5723.79,1804.08,12900.7,4467.53,3267.03,5556.68,3073.78,13507
"Q96S86",117297,46812.8,24814.8,28276.4,52775.1,72327.2,26585.2,62266.9,70827.3,23787.8
"Q96S97",13524.3,7954.35,5554.41,2395.01,15932.2,18059.1,13175.1,12576.1,18083.8,15978.2
"Q99426",5088.35,8557.55,4687.17,2715.4,8078.73,11974.3,9293.05,9274.07,12067.4,8765.77
"Q99439",27383.6,28015.6,17669.4,13919.4,35933.3,18262.7,32130.9,18287.5,23928,38317.4
"Q99460",3193.33,2297.43,1633.6,1113.49,4534.61,4422.72,5134.87,3986.65,3734.43,4276.57
"Q99497",103282,90586,71529.4,80442,158124,124897,126988,142035,146325,185144
"Q99536",48471,34252.1,13023.2,39280.7,74961.3,66246.5,53303.8,45817.9,58375.8,53365.8
"Q99584",1761.52,2195.27,1582.95,2467.64,2293.31,2226.17,1901.72,2790.39,2375.34,2141.21
"Q99623",11232.3,7484.03,6335.51,12714.4,13765.2,13708.6,15834.6,18416.8,17987.6,13575.4
"Q99714",5447.82,6611.11,2552.85,7417.6,9738.96,13152.6,9295.56,15907.1,15602,9645.06
"Q99715",322591,177414,125792,78800,266143,99935,128746,153459,106973,202672
"Q99829",11918.6,8754.79,3493.88,8923.31,12359.2,16276.9,14521.8,14889.4,11420.4,16212
"Q9BPX5",3689.48,3939.43,2827.18,1876.17,4747.42,3785.89,2584.8,5656.11,5403.24,4724.02
"Q9BQB4",12102.7,11846.9,9333.05,7879.33,25389.6,12804.8,4008.18,8052.52,14058.8,23768.9
"Q9BR76",22547.8,20615.9,3855.77,11472.5,31613.4,32823.4,30366.7,31878.5,32631.1,34809.4
"Q9BS26",3174.25,3096.16,3599.87,5286.88,2473.47,3203,4306.51,4149.63,2487.11,5020.7
"Q9BSJ8",13037.8,9019.13,6967.67,11410.6,12833.3,15373.2,16799.9,18749.5,23651.9,13787.4
"Q9BTV4",17308,11432.5,6668.2,14860.4,22825.7,29873,25331.3,33305.8,32820.4,31523.5
"Q9BUF5",10164,2235.73,3280.26,5783.71,13122.8,18914.8,19660.9,6931.6,21457.8,20485
"Q9BUP0",12253.2,11056.6,5110.39,3102.91,22429,16861.5,19745.3,17801.2,23224.8,34023.6
"Q9BVC6",21061.7,15776.2,13416.9,16801.3,27839.2,34198.6,22713.2,37738.8,29626,26638
"Q9BWM7",2270.68,4897.98,1805.97,5861.59,7536.39,6648.88,7608.55,8218,7401.02,8311.81
"Q9BX66",91035,102935,55902.8,32336.6,129241,197186,230992,149929,224945,345141
"Q9BXN1",86332.7,40424.9,39177.5,46496.4,90607.5,21171.7,39130.6,28484.7,16760.8,28670.8
"Q9BZQ8",12888.9,10318.9,12412.8,14812.1,23421.6,24034.9,36894.4,22859.8,26305.3,47629
"Q9GZM7",260012,249982,236334,96151.1,294072,265552,207942,178388,267373,234425
"Q9H0U4",2063.48,975.08,1496.09,1256.11,1722.57,3137.17,2618.96,2544.81,3262.02,2213.83
"Q9H223",40042.8,39683.1,21474.5,23574.3,55396.6,64664.4,62040.7,66189.6,70317.3,69786.9
"Q9H4A4",5456.52,5031.48,2195.34,9717.45,3878.96,15361.8,11206.7,12649.2,13987.1,9500.45
"Q9H4G4",2357.08,2308.9,2538.42,1808.79,2552.27,3079.34,3479,2048.63,4008.01,3212.63
"Q9H4M9",17598.2,15487.6,5205.63,7963.99,25920.6,28753.4,22816.2,31627.7,28856.6,17349.2
"Q9H7C9",9759.17,2795.76,543.64,6490.27,6394.09,12926,9911.66,8419.19,6036.63,10832.1
"Q9HB71",1841.85,2066.82,1451.49,2159.32,3654.75,2136.81,1915.34,3908.13,2637.54,2710.79
"Q9HBL0",192527,190716,114336,42311.3,260435,344818,381331,291409,441386,478130
"Q9HC38",12412.4,13851.3,8193.12,11523.6,18844.5,19517.6,16359.1,26632.3,15150.9,22882.5
"Q9HCB6",1013.69,3183.82,2144.71,612.19,1200.38,3990.05,6458.53,11482.2,2289.98,13236.8
"Q9HDC9",14577.6,13224.9,11366.8,25143.1,7500.03,12068.1,12015.4,8047.54,13839.4,4609.05
"Q9NQC3",27231.1,14183.5,11205.8,15496.2,28999,44925.2,37391.4,31383.5,39888.6,33325.4
"Q9NR12",186939,192059,107100,78625.6,232039,380804,404948,322902,431667,582257
"Q9NR46",720.37,1402.26,714.67,837.42,813.79,1466.77,1486.99,1429.33,1013.47,1627.98
"Q9NTK5",4591.64,6739.88,2732.27,6198.21,12900.4,13409,10419.5,16285.8,15685.3,10738.3
"Q9NVA2",9884.27,8931.8,2570.29,6723.61,6788.66,10466.6,14845.4,5197.05,5805.03,14843.9
"Q9NVD7",48871.5,43951.6,29199.5,15317.9,66521.7,88442.1,73626.9,80040.7,90506.2,98945.5
"Q9NWV4",969.18,1387.43,1179.17,1248.5,1904.06,1929.88,1511.98,2146.29,2013.04,2365.26
"Q9NZ45",3397.34,2191.57,2688.67,3630.41,3768.85,5032.74,3924.57,4167.62,4900.81,1580.43
"Q9NZL9",1913.51,1726.95,2077.29,1240.63,2472.42,2913.35,1705.33,2894.18,2779.89,2652.17
"Q9NZM1",27146.7,15541.2,11964,18595.4,45682.9,42910.1,14490.5,31607.7,43279.7,26194.7
"Q9NZN4",218153,258197,145876,120759,321228,362492,310710,347548,343714,344489
"Q9NZU5",142487,141596,91810.3,57963.2,283913,311719,208370,239070,298883,339010
"Q9UBI6",14616.9,15288,11630.3,13932.5,24266.7,28297.7,16394.4,18279.1,22349,24862.8
"Q9UBQ7",8329.37,9379.23,3795.41,4261.22,12492.9,11761.3,7588.82,13333.8,13735.4,8383.78
"Q9UBR2",6956.5,3748.92,10932.1,9356.18,3505.9,4120.36,16876.3,4921.21,3591.77,4330.93
"Q9UBX5",208135,172856,240434,158623,121765,452566,258018,451401,468042,484100
"Q9UGI8",109056,112011,61188.9,27360.1,166456,201306,151406,148769,195943,196164
"Q9UH99",4038.56,2554.69,2479.41,2523.22,3424.18,2998.55,4908.47,4199.69,4423.13,5120.02
"Q9UHG3",12754.8,14743.8,18793.6,11276.4,30380.6,36473.7,18418.3,33670.4,32704.5,27347.9
"Q9UIJ7",9244.52,4127.55,1668.13,8763.91,13111.4,10350.7,8083.02,9088.12,11498.3,6354.27
"Q9UJ70",5252.2,5846.77,5656.05,8343.9,9612.38,12578.2,7524.38,10003.7,6952.53,8373.99
"Q9UJU6",2171.84,1933.96,1267.71,1612.93,3408.27,3761.81,4577.09,2943.1,4036.38,4739.65
"Q9UL25",7851.73,7096.97,6077.28,4950.5,9840.59,8282.21,7805.21,6135.22,9065.12,8357.73
"Q9ULV4",17421,12203.6,10615.9,8603.2,23989.7,33359.8,32142.9,33214.3,30962.8,41372.8
"Q9UMS6",56595.5,48737.7,22324,10402.8,89777.5,133164,121040,108828,158165,142126
"Q9UMY4",4400.33,3626.87,2795.66,3940.57,7174.98,5640.52,6934.64,6644.36,8419.49,8241.13
"Q9UNF0",13207.1,10118.3,3036.47,6671.45,19712.2,22564.6,8435.23,18904.3,25636.6,18814
"Q9UNH7",5924.91,4125.53,3496.91,5123.26,6255.32,9060.68,6747.98,4488.52,4844.37,8978.07
"Q9Y266",3976.99,1371.59,1410.58,1531.4,5537.87,5224.45,4591.8,5317.22,3784.48,6187.85
"Q9Y2A7",4026.7,3278.9,2766.15,1701.02,5523.02,6569.5,6740.77,5980.69,2070.05,6693.28
"Q9Y2S2",6819.82,5376.07,2342.91,6035.14,6515.63,11524.8,6791.03,8731.02,13038.4,6975.62
"Q9Y3A5",15252.6,14318.3,7782.65,13658.1,28021,22327.2,18844.1,19991.8,23620.2,20868.6
"Q9Y3I0",10776.3,9054.2,6852.31,2175.32,14495.1,15534.2,13392.9,15395.2,14262.9,13590.4
"Q9Y3Z3",3021.98,380.99,2302.34,4991.13,2593.13,3200.5,5573.5,1969.43,2716.49,1809.36
"Q9Y490",737187,824325,463247,369847,1120000,1450000,1220000,1210000,1660000,1370000
"Q9Y4G6",2999.14,8293.87,2417.03,2215.42,10088.9,16667.9,19773.6,14527.3,25419.7,17989.7
"Q9Y5Z4",13785,13050.6,13014.4,8885.83,17025.4,22139.6,20985.3,20160,20440.5,30414.3
"Q9Y639",5387.41,3422.55,1991.1,3000.13,5677.43,7887.71,6656.58,8567.36,8133.65,6989.61
"Q9Y646",3110.69,5255.69,4252.85,3093.72,5317.63,4055.34,4539.3,6360.77,5407.98,3457.52
"Q9Y696",27658.4,10046.5,6034.33,15255.8,39957.2,48718.9,31911.2,36320.3,49530.4,47566.5
"Q9Y6C2",133818,99957.9,129066,160907,193895,174348,157676,163332,154816,207079
"Q9Y6N5",7414.51,2151.1,821.33,6986.33,9342.79,17517.2,6719.64,11312.7,11378.7,8275.01
